name,type,address,url,rooms,seats,beds,capacity,self_park_rate,valet_rate,occupancy,turnover,valet_conv,op_days,peak_mod,valet_operator,garage_operator,management,ownership_group,gm,email,phone,location_notes,sourcing_notes
Hilton Fort Wayne at the Grand Wayne Convention Center,Hotel,"1020 S Calhoun St, Fort Wayne, IN 46802",https://www.hilton.com/en/hotels/fwafhhf-hilton-fort-wayne-at-the-grand-wayne-convention-center/,246,,,, 15,n/a,0.60,,0.40,365,1.10,,,"Hilton Hotels & Resorts (managed)","Hilton Portfolio",,,(260) 420-1100,"downtown convention, attached to GWCC, skywalk access","TravelWeekly: 246 rooms; Hilton.com: self-park $15/day; defaults: occupancy 0.60, valet_conv 0.40 per convention hotel cookbook"
Courtyard by Marriott Fort Wayne Downtown at Grand Wayne Convention Center,Hotel,"1150 S Harrison St, Fort Wayne, IN 46802",https://www.marriott.com/en-us/hotels/fwadt-courtyard-fort-wayne-downtown-at-grand-wayne-convention-center/overview/,250,,,,15,n/a,0.60,,0.40,365,1.10,,,"Marriott International (managed)","Marriott Portfolio",,,(260) 490-3629,"downtown convention, connected to GWCC via skywalk","TravelWeekly: 250 rooms; Marriott.com: on-site parking $15/day; defaults per convention hotel cookbook"
Hampton Inn & Suites Fort Wayne Downtown,Hotel,"223 W Jefferson Blvd, Fort Wayne, IN 46802",https://www.hilton.com/en/hotels/fwadthx-hampton-suites-fort-wayne-downtown/,136,,,,n/a,n/a,0.60,,0.30,365,1.10,,,"Hilton Hotels & Resorts (managed)","Hilton Portfolio",,,(260) 420-1234,"downtown, adjacent Parkview Field, Conner's Rooftop bar on property","Expedia/TripAdvisor: 136 rooms; free breakfast, valet included per bradleyhotel.com mention of valet at nearby; self-park rate unknown; defaults select-service downtown"
The Bradley Hotel,Hotel,"204 W Main St, Fort Wayne, IN 46802",https://www.bradleyhotel.com,133,,,, n/a,0,0.65,,0.45,365,1.10,,,Provenance Hotels,Vera Bradley / Provenance Hotels,,,(260) 800-8686,"downtown boutique, valet included in stay, adjacent Landing district","visitfortwayne.com + bradleyhotel.com: 124 rooms + 9 suites = 133 total; valet parking included per hotel website; lifestyle/boutique defaults"
Hyatt Place Fort Wayne – Northwest,Hotel,"111 W Washington Center Rd, Fort Wayne, IN 46825",https://www.hyatt.com/hyatt-place/en-US/fwazn-hyatt-place-fort-wayne-northwest,120,,,,n/a,n/a,0.55,,0.30,365,1.0,,,"Hyatt Hotels Corp (managed)","Hyatt Portfolio",,,(260) 471-8522,"northwest Fort Wayne, near Memorial Coliseum, free parking","Travelocity: 120 rooms; TravelWeekly: 111 W Washington Center Rd; free parking, no valet; defaults select-service"
Hilton Garden Inn Fort Wayne,Hotel,"8615 US Hwy 24 W, Fort Wayne, IN 46804",https://www.hilton.com/en/hotels/fwafegi-hilton-garden-inn-fort-wayne/,84,,,,n/a,n/a,0.55,,0.30,365,1.0,,,"Hilton Hotels & Resorts (managed)","Hilton Portfolio",,,(260) 435-1777,"southwest corridor, near Lutheran Hospital, I-69 exit 302","TravelWeekly: 84 rooms; near Lutheran Hospital; defaults select-service"
Hilton Garden Inn Fort Wayne North,Hotel,"10650 Diebold Rd, Fort Wayne, IN 46845",https://www.hilton.com/en/hotels/fwanhgi-hilton-garden-inn-fort-wayne-north/,88,,,,n/a,n/a,0.55,,0.30,365,1.0,,,"Hilton Hotels & Resorts (managed)","Hilton Portfolio",,,(855) 618-4697,"north Fort Wayne, across from Parkview Regional Medical Center","TripAdvisor: 88 rooms; hilton.com confirms Parkview PRMC proximity; defaults select-service"
Homewood Suites by Hilton Fort Wayne,Hotel,"8621 US Hwy 24 W, Fort Wayne, IN 46804",https://www.hilton.com/en/hotels/fwainhw-homewood-suites-fort-wayne/,79,,,,n/a,n/a,0.55,,0.30,365,1.0,,,"Hilton Hotels & Resorts (managed)","Hilton Portfolio",,,(855) 605-0316,"southwest corridor, near Lutheran Hospital, free parking","TripAdvisor: 79 rooms; extended-stay; near Lutheran corridor; defaults select-service"
Residence Inn by Marriott Fort Wayne Southwest,Hotel,"7811 W Jefferson Blvd, Fort Wayne, IN 46804",https://www.marriott.com/en-us/hotels/fwari-residence-inn-fort-wayne-southwest/overview/,96,,,,n/a,n/a,0.55,,0.30,365,1.0,,,"Marriott International (managed)","Marriott Portfolio",,,(260) 432-8000,"southwest corridor, near Lutheran Hospital, free parking","Marriott.com address confirmed; TripAdvisor listing; approx. 96 rooms (industry standard for this brand/market; default)"
SpringHill Suites by Marriott Fort Wayne Southwest,Hotel,"7777 W Jefferson Blvd, Fort Wayne, IN 46804",https://www.marriott.com/en-us/hotels/fwaso-springhill-suites-fort-wayne-southwest/overview/,90,,,,n/a,n/a,0.55,,0.30,365,1.0,,,"Marriott International (managed)","Marriott Portfolio",,,(260) 498-8001,"southwest corridor, near Lutheran Hospital, free parking","Marriott.com address confirmed; rooms default ~90 (new property, TripAdvisor listing); near Lutheran corridor"
Fairfield by Marriott Inn & Suites Fort Wayne Southwest,Hotel,"7737 W Jefferson Blvd, Fort Wayne, IN 46804",https://www.marriott.com/en-us/hotels/fwasw-fairfield-inn-and-suites-fort-wayne-southwest/overview/,61,,,,n/a,n/a,0.55,,0.30,365,1.0,,,"Marriott International (managed)","Marriott Portfolio",,,(260) 436-1000,"southwest corridor, near Lutheran Hospital, free parking","TripAdvisor: 61 rooms; Marriott.com confirmed address; near Lutheran corridor"
TownePlace Suites by Marriott Fort Wayne North,Hotel,"3949 Ice Way Dr, Fort Wayne, IN 46805",https://www.marriott.com/en-us/hotels/fwats-towneplace-suites-fort-wayne-north/overview/,89,,,,n/a,n/a,0.55,,0.30,365,1.0,,,"Marriott International (managed)","Marriott Portfolio",,,(260) 483-1160,"north Fort Wayne, near Memorial Coliseum (<2 mi), free parking","Expedia: 89 rooms; Marriott.com address; extended-stay brand; defaults select-service"
SpringHill Suites by Marriott Fort Wayne North,Hotel,"near Parkview Regional, Fort Wayne, IN 46845",https://www.marriott.com/en-us/destinations/united-states/indiana/fort-wayne.mi,95,,,,n/a,n/a,0.55,,0.30,365,1.0,,,"Marriott International (managed)","Marriott Portfolio",,,,"north Fort Wayne, near Parkview Regional Medical Center","Marriott destination page confirms this property; address approximate; ~95 rooms default for brand"
Grand Wayne Convention Center,Venue,"120 W Jefferson Blvd, Fort Wayne, IN 46802",https://grandwayne.com,,,,,10,n/a,,,,150,1.15,,,City of Fort Wayne,,,,,"downtown convention anchor, 225,000 sf, attached hotels, garage parking","Wikipedia + visitfortwayne.com + grandwayne.com: 225,000 sf; max theater 4,500; banquet 3,080; parking $10; 2nd largest convention facility in Indiana; op_days = ~150 event-days est."
Embassy Theatre,Venue,"125 W Jefferson Blvd, Fort Wayne, IN 46802",https://fwembassytheatre.org,,,,2471,n/a,n/a,,,,150,1.10,,,Embassy Theatre Foundation,,,,,(260) 424-5665,"downtown performing arts, historic Grand Palace theatre","fwembassytheatre.org: 2,471 seats confirmed; op_days ~150 shows/events per year est."
Parkview Field,Venue,"1301 Ewing St, Fort Wayne, IN 46802",https://www.milb.com/fort-wayne,,,,8100,n/a,n/a,,,,70,1.10,,,Fort Wayne TinCaps / MiLB,,,,,(260) 482-6400,"downtown event-district, Minor League Baseball, Parkview Field","milb.com confirms 8,100+ capacity; op_days ~70 home games per MiLB season"
Allen County War Memorial Coliseum,Venue,"4000 Parnell Ave, Fort Wayne, IN 46805",https://www.memorialcoliseum.com,,,,13000,8,n/a,,,,120,1.10,,,Allen County,,,,,(260) 482-9502,"north of downtown, multi-use arena + expo center, 5,500 parking spaces","Wikipedia + Venue Coalition: 13,000 cap (basketball), 8,369 end-stage; parking $8 standard; op_days ~120 events est."
Clyde Theatre,Venue,"1808 Bluffton Rd, Fort Wayne, IN 46809",https://clydetheatre.com,,,,2000,n/a,n/a,,,,80,1.0,,,Independent,,,,,"southwest Fort Wayne, premier live music venue, free parking","Cvent: standing cap 2,000 / seated 350; clydetheatre.com confirmed; op_days ~80 events est."
Arts United Center,Venue,"303 E Main St, Fort Wayne, IN 46802",https://www.artscampusfw.org,,,,660,n/a,n/a,,,,100,1.0,,,Arts United of Greater Fort Wayne,,,,,(260) 424-0646,"downtown arts campus, intimate PAC, Fort Wayne Ballet + Civic Theatre home","artscampusfw.org: 660-seat theatre; Louis Kahn design; op_days ~100 shows/events est."
Foellinger Outdoor Theatre,Venue,"3411 Sherman Blvd, Fort Wayne, IN 46808",https://www.cityoffortwayne.in.gov/961/Venue-Rental,,,,2751,n/a,n/a,,,,40,1.05,,,City of Fort Wayne,,,,,(260) 427-6018,"Franke Park, outdoor amphitheater, summer concert series, near Fort Wayne Zoo","visitfortwayne.com: 2,751 capacity confirmed; summer season only, op_days ~40 events est."
Fort Wayne Museum of Art,Venue,"311 E Main St, Fort Wayne, IN 46802",https://fwmoa.org,,,,500,n/a,n/a,,,,200,1.0,,,Fort Wayne Museum of Art,,,,,"downtown arts campus, ticketed events and galas with volunteer valet","fwmoa.org: events and galas; valet for events mentioned on parking page; cap ~500 est. for events; op_days 200 (regular hours Tue-Sun)"
Science Central,Venue,"1950 N Clinton St, Fort Wayne, IN 46202",https://www.sciencecentral.org,,,,300,n/a,n/a,,,,200,1.0,,,Science Central,,,,,(260) 424-2400,"north near downtown, science center in historic power plant, events","sciencecentral.org; capacity est. 300 for events; op_days 200 operating days"
Parkview Regional Medical Center,Hospital,"11109 Parkview Plaza Dr, Fort Wayne, IN 46845",https://www.parkview.com/locations/parkview-regional-medical-center,,,823,, n/a,n/a,,,0.10,365,1.0,,,Parkview Health,,,,,(260) 266-1000,"north Fort Wayne, flagship 823-bed hospital, valet temporarily suspended","IN.gov hospital directory: 823 staffed beds; Parkview.com valet temporarily suspended; Leapfrog confirmed address"
Lutheran Hospital of Indiana,Hospital,"7950 W Jefferson Blvd, Fort Wayne, IN 46804",https://www.lutheranhospital.com,,,396,, n/a,5,,,0.10,365,1.0,,,Community Health Systems,,,,,(260) 435-7001,"southwest corridor, 396-bed tertiary care, CHS-affiliated","lutheranhospital.com: 396-bed; IN.gov directory: 396 staffed beds; Leapfrog: 7950 W Jefferson Blvd; valet_rate $5 default hospital"
Lutheran Downtown Hospital,Hospital,"702 Van Buren St, Fort Wayne, IN 46802",https://www.lutherandowntownhospital.com,,,145,, n/a,5,,,0.10,365,1.0,,,Community Health Systems,,,,,(260) 425-3000,"downtown Fort Wayne, 145-bed community hospital on Van Buren","IN.gov directory: 145 staffed beds; lutherandowntownhospital.com: 60 beds referenced (older census); using 145 per IN.gov 2026 data"
Parkview Hospital Randallia,Hospital,"2200 Randallia Dr, Fort Wayne, IN 46805",https://www.parkview.com/locations/parkview-hospital-randallia,,,243,, n/a,5,,,0.10,365,1.0,,,Parkview Health,,,,,(260) 373-4000,"midtown, 243-bed community hospital, behavioral health adjacent","Parkview.com facilities page: 243 patient beds in main Randallia facility; IN.gov directory confirming Parkview portfolio"
Parkview Ortho Hospital,Hospital,"11130 Parkview Circle Dr, Fort Wayne, IN 46845",https://www.parkview.com/locations/parkview-ortho-hospital,,,37,, n/a,5,,,0.10,365,1.0,,,Parkview Health,,,,,(260) 672-4300,"north Fort Wayne, Parkview PRMC campus, dedicated ortho facility","IN.gov hospital directory: 37 staffed beds; Parkview.com plan-your-visit confirms address and free parking"
Eddie Merlot's Prime Aged Beef & Seafood,Restaurant,"1502 Illinois Rd, Fort Wayne, IN 46804",https://www.eddiemerlots.com/fort-wayne/,,250,,,n/a,n/a,,1.5,0.125,365,1.0,,,Eddie Merlot's Inc,,,,,(260) 459-2222,"Jefferson Pointe area, upscale steakhouse, private dining rooms","eddiemerlots.com: private rooms 70+40+20=130; full dining floor est. 250 total per cookbook default fine-dining steakhouse"
Ruth's Chris Steak House,Restaurant,"224 W Wayne St, Fort Wayne, IN 46802",https://www.ruthschrisphg.com/fort-wayne,,250,,,n/a,15,,1.5,0.125,365,1.0,,,Ruth's Hospitality Group,,,,,(260) 444-5898,"downtown, fine-dining steakhouse, Ruth's Chris franchise","ruthschrisphg.com + visitfortwayne DTFW dining: confirmed address and phone; seats default 250 fine-dining cookbook; valet_rate $15 est."
Club Soda,Restaurant,"235 E Superior St, Fort Wayne, IN 46802",https://clubsodafortwayne.com,,200,,,n/a,n/a,,1.5,0.125,365,1.0,,,Independent,,,,,(260) 426-3442,"downtown, historic jazz venue, award-winning steaks, garage parking","TripAdvisor + club soda website: 235 E Superior St, (260) 426-3442; seats default 200 per cookbook; self-park in Headwaters Lofts Garage"
The Gas House,Restaurant,"305 E Superior St, Fort Wayne, IN 46802",https://www.donhalls.com/the-gas-house,,250,,,n/a,n/a,,1.5,0.125,365,1.0,,,Don Hall's Restaurant Group,,,,,(260) 426-3411,"downtown, historic gas plant, Don Hall's flagship, upscale-casual","donhalls.com: 305 E Superior St, (260) 426-3411; seats default 250 per cookbook; Don Hall's parent"
Tolon,Restaurant,"614 S Harrison St, Fort Wayne, IN 46802",https://tolonrestaurant.com,,120,,,n/a,n/a,,1.5,0.125,365,1.0,,,Independent,,,,,(260) 399-5128,"downtown, upscale farm-to-fork, chef-driven independent","tolonrestaurant.com + Yelp: 614 S Harrison St, (260) 399-5128; seats default 120 chef-driven independent"
Dash-In,Restaurant,"814 S Calhoun St, Fort Wayne, IN 46802",https://www.thedash-in.com,,100,,,n/a,n/a,,1.5,0.125,365,1.0,,,Independent,,,,,"downtown, craft beer/cocktail bar-restaurant, 21+, upscale casual","Yelp + thedash-in.com: 814 S Calhoun St; seats default 100 per cookbook; open Wed-Sun"
Proximo,Restaurant,"898 S Harrison St, Fort Wayne, IN 46802",https://www.proximofw.com,,150,,,1,n/a,,1.75,0.10,365,1.0,,,Independent,,,,,(260) 459-6150,"downtown, Latin cuisine, attached parking garage $1/hr","proximofw.com + Yelp: 898 S Harrison St; parking $1/hr attached garage; seats default 150 upscale-casual"
Copper Spoon,Restaurant,"301 W Jefferson Blvd Ste 100, Fort Wayne, IN 46802",https://www.copperspoonfw.com,,150,,,n/a,n/a,,1.5,0.125,365,1.0,,,Independent,,,,,(260) 388-9283,"downtown Harrison Building by Parkview Field, locally sourced, large spirits selection","Yelp + neifood.org: 301 W Jefferson Blvd Ste 100, (260) 388-9283; seats default 150 chef-driven"
Marquee at the Landing,Restaurant,"123 W Columbia St, Fort Wayne, IN 46802",https://www.marqueeatthelanding.com,,150,,,n/a,n/a,,1.75,0.10,365,1.0,,,Independent,,,,,(260) 255-3717,"downtown Landing district, chef-driven scratch kitchen, upscale-casual","marqueeatthelanding.com: 123 W Columbia St, (260) 255-3717; seats default 150 upscale-casual"
Hoppy Gnome,Restaurant,"203 E Berry St, Fort Wayne, IN 46802",https://www.hoppygnome.com,,150,,,n/a,n/a,,1.75,0.10,365,1.0,,,OBICAI Restaurant Group,,,,,(260) 422-0070,"downtown, craft beer + global cuisine, upscale-casual, Beer Hall format","hoppygnome.com: 203 E Berry St, (260) 422-0070; seats default 150 upscale-casual; OBICAI same group as Baker Street"
Birdie's,Restaurant,"204 W Main St, Fort Wayne, IN 46802",https://www.bradleyhotel.com/dining/birdies/,,100,,,n/a,n/a,,1.5,0.125,365,1.0,,,Provenance Hotels,,,,,(260) 800-8686,"rooftop bar at The Bradley Hotel, 21+, city views","bradleyhotel.com/dining: 204 W Main St; part of Bradley Hotel (Provenance); seats est. 100 rooftop"
Paula's on Main,Restaurant,"1732 W Main St, Fort Wayne, IN 46808",https://www.paulasonmain.com,,100,,,n/a,n/a,,1.5,0.125,365,1.0,,,Independent,,,,,(260) 424-2300,"West Main corridor, upscale seafood/market concept, chef-driven","TripAdvisor + paulasonmain.com: 1732 W Main St, (260) 424-2300; seats default 100 chef-driven"
Ophelia's,Restaurant,"1603 N Wells St, Fort Wayne, IN 46808",https://opheliasfw.com,,60,,,n/a,n/a,,1.5,0.125,365,1.0,,,Independent,,,,,(260) 999-6980,"Wells Street corridor, brunch/dinner in historic house, intimate upscale-casual","opheliasfw.com + TripAdvisor: 1603 N Wells St, (260) 999-6980; small house-restaurant, seats est. 60"
Baker Street Steakhouse,Restaurant,"4820 N Clinton St, Fort Wayne, IN 46825",https://bakerstreetfortwayne.com,,200,,,n/a,n/a,,1.5,0.125,365,1.0,,,OBICAI Restaurant Group,,,,,(260) 484-3300,"north Clinton corridor, upscale steakhouse with private dining, free parking","bakerstreetfortwayne.com + Yelp: 4820 N Clinton St, (260) 484-3300; GM Troy Raison; seats default 200; OBICAI group"
Don Hall's Factory,Restaurant,"5811 Coldwater Rd, Fort Wayne, IN 46825",https://www.donhalls.com/the-factory,,200,,,n/a,n/a,,1.75,0.10,365,1.0,,,Don Hall's Restaurant Group,,,,,(260) 484-8693,"north Coldwater corridor, full-service casual dining, Don Hall's brand","donhalls.com/the-factory + TripAdvisor: 5811 Coldwater Rd, (260) 484-8693; seats default 200 upscale-casual"
Hall's Tavern at Coventry,Restaurant,"5745 Coventry Ln, Fort Wayne, IN 46804",https://www.donhalls.com/the-tavern,,200,,,n/a,n/a,,1.75,0.10,365,1.0,,,Don Hall's Restaurant Group,,,,,(260) 459-2893,"southwest Village at Coventry, Don Hall's upscale-casual, ribeye steaks","donhalls.com contact + Yelp: 5745 Coventry Ln, (260) 459-2893; seats default 200"
Cork 'N Cleaver Steak & Seafood,Restaurant,"221 E Washington Center Rd, Fort Wayne, IN 46825",https://www.corkncleaveronline.com,,200,,,n/a,n/a,,1.5,0.125,365,1.0,,,Independent,,,,,(260) 484-7772,"north Washington Center corridor, near Hyatt Place, established steakhouse","corkncleaveronline.com: 221 E Washington Center Rd, (260) 484-7772; near Hyatt Place FW NW; seats default 200"
Granite City Food & Brewery,Restaurant,"3809 Coldwater Rd, Fort Wayne, IN 46805",https://www.gcfb.com/location/fort-wayne-indiana/,,200,,,n/a,n/a,,1.75,0.10,365,1.0,,,Granite City Food & Brewery Inc,,,,,(260) 471-3030,"north Coldwater, upscale-casual brewery restaurant, large footprint","gcfb.com + TripAdvisor: 3809 Coldwater Rd, (260) 471-3030; seats default 200 upscale-casual"
The Oyster Bar,Restaurant,"1830 S Calhoun St, Fort Wayne, IN 46802",https://www.fwoysterbar.com,,150,,,n/a,n/a,,1.5,0.125,365,1.0,,,Independent,,,,,(260) 744-9490,"south Calhoun St, seafood-focused upscale restaurant","fwoysterbar.com + Yelp: 1830 S Calhoun St, (260) 744-9490; seats default 150 chef-driven"
Don Hall's Gas House – The Deck,Restaurant,"305 E Superior St, Fort Wayne, IN 46802",https://www.donhalls.com/the-gas-house,,100,,,n/a,n/a,,1.75,0.10,365,1.0,,,Don Hall's Restaurant Group,,,,,(260) 424-3183,"downtown, outdoor deck dining adjacent to Gas House, Don Hall's brand","donhalls.com contact: same address 305 E Superior, (260) 424-3183; separate concept listed; seats est. 100"
Wyndham Garden Fort Wayne,Hotel,"5750 Challenger Pkwy, Fort Wayne, IN 46818",https://www.wyndhamhotels.com/wyndham-garden/fort-wayne-indiana/wyndham-garden-fort-wayne/overview,150,,,,n/a,n/a,0.55,,0.30,365,1.0,,,"Wyndham Hotels & Resorts (managed)","Wyndham Portfolio",,,(260) 489-0506,"northwest corridor, full-service with restaurant, Challenger Pkwy","TripAdvisor + booking.com: 5750 Challenger Pkwy; ~150 rooms default; select-service full-service"
Ramada Plaza & Conference Center by Wyndham Fort Wayne,Hotel,"1010 Hospitality Dr N, Fort Wayne, IN 46805",https://www.wyndhamhotels.com,210,,,,n/a,n/a,0.55,,0.30,365,1.0,,,"Wyndham Hotels & Resorts (managed)","Wyndham Portfolio",,,,"north Fort Wayne, conference center hotel, near Coliseum","TripAdvisor listing; ~210 rooms est.; conference center with meeting space; near Memorial Coliseum"
Tru by Hilton Fort Wayne,Hotel,"5345 Distribution Dr, Fort Wayne, IN 46825",https://www.hilton.com,100,,,,n/a,n/a,0.55,,0.30,365,1.0,,,"Hilton Hotels & Resorts (managed)","Hilton Portfolio",,,,"north Fort Wayne, select-service, free breakfast","TripAdvisor: 5345 Distribution Dr; ~100 rooms est.; Tru brand; free parking, free breakfast"
Candlewood Suites Fort Wayne NW by IHG,Hotel,"1161 W Washington Center Rd, Fort Wayne, IN 46825",https://www.ihg.com,83,,,,n/a,n/a,0.55,,0.30,365,1.0,,,"IHG Hotels & Resorts (managed)","IHG Portfolio",,,(260) 471-1100,"northwest Washington Center, extended stay, near Coliseum","TripAdvisor: 1161 W Washington Center Rd; ~83 rooms est. extended stay brand"
Residence Inn by Marriott Fort Wayne North,Hotel,"near Parkview PRMC campus, Fort Wayne, IN 46845",https://www.marriott.com/en-us/hotels/fwarn-residence-inn-fort-wayne-north/overview/,120,,,,n/a,n/a,0.55,,0.30,365,1.0,,,"Marriott International (managed)","Marriott Portfolio",,,,"north Fort Wayne, near Parkview PRMC campus, extended stay","Marriott.com listing confirmed; address from Marriott FWARN code; rooms ~120 default for brand"
Fairfield by Marriott Inn & Suites Fort Wayne,Hotel,"near Raytheon/Purdue FW, Fort Wayne, IN 46818",https://www.marriott.com/en-us/destinations/united-states/indiana/fort-wayne.mi,107,,,,n/a,n/a,0.55,,0.30,365,1.0,,,"Marriott International (managed)","Marriott Portfolio",,,,"northwest near Raytheon/Brotherhood Mutual, Marriott destination listing","Marriott destination page: 'close to Raytheon, Brotherhood Mutual, Do it Best'; rooms default 107"
Copper Spoon Sidecar (seasonal patio bar),Restaurant,"301 W Jefferson Blvd, Fort Wayne, IN 46802",https://www.copperspoonfw.com,,75,,,n/a,n/a,,1.75,0.10,150,1.0,,,Independent,,,,,(260) 388-9283,"seasonal outdoor bar-restaurant adj to Copper Spoon, Polynesian/Latin theme","copperspoonfw.com mentions The Sidecar as separate outdoor concept; seats est. 75; op_days ~150 summer"
Paula's on Main – Market,Restaurant,"1732 W Main St, Fort Wayne, IN 46808",https://www.paulasonmain.com,,50,,,n/a,n/a,,1.5,0.125,365,1.0,,,Independent,,,,,(260) 424-2300,"West Main, market counter concept within Paula's on Main, daytime","paulasonmain.com: Market: Noon-9pm Mon-Sat (listed separately); seats est. 50"
Hall's Hollywood,Restaurant,"2005 E State Blvd, Fort Wayne, IN 46805",https://www.donhalls.com,,150,,,n/a,n/a,,1.75,0.10,365,1.0,,,Don Hall's Restaurant Group,,,,,(260) 483-0597,"east State Blvd, Don Hall's family-casual, movie-themed decor","donhalls.com contact: 2005 E State Blvd, (260) 483-0597; seats default 150"
Hall's State Street,Restaurant,"4416 Lima Rd, Fort Wayne, IN 46808",https://www.donhalls.com,,150,,,n/a,n/a,,1.75,0.10,365,1.0,,,Don Hall's Restaurant Group,,,,,(260) 482-1113,"northwest Lima Rd corridor, Don Hall's family-casual","donhalls.com contact: 4416 Lima Rd, (260) 482-1113; seats default 150"
Don Hall's Tap Haus,Restaurant,"216 IN-930, New Haven, IN 46774",https://www.donhalls.com,,150,,,n/a,n/a,,1.75,0.10,365,1.0,,,Don Hall's Restaurant Group,,,,,(260) 749-5556,"New Haven/East Fort Wayne, tap house concept, Don Hall's group","donhalls.com contact: 216 IN-930 New Haven, (260) 749-5556; seats default 150"
Takaoka of Japan,Restaurant,"5811 Coldwater Rd vicinity, Fort Wayne, IN 46825",https://www.donhalls.com,,120,,,n/a,n/a,,1.75,0.10,365,1.0,,,Don Hall's Restaurant Group,,,,,,"north, Japanese hibachi/teppanyaki, Don Hall's portfolio","donhalls.com menu listing; address approximate (Coldwater vicinity); seats default 120"
Granite City Fort Wayne (private dining),Restaurant,"3809 Coldwater Rd, Fort Wayne, IN 46805",https://www.gcfb.com/location/fort-wayne-indiana/,,50,,,n/a,n/a,,1.5,0.10,365,1.0,,,Granite City Food & Brewery Inc,,,,,(260) 471-3030,"north, private event space within Granite City restaurant","gcfb.com: Book An Event link; seats est. 50 private dining; same location as main Granite City"
Hop River Brewing Co.,Restaurant,"1515 N Harrison St, Fort Wayne, IN 46202",https://www.hopriverbrewing.com,,100,,,n/a,n/a,,1.75,0.10,365,1.0,,,Independent,,,,,"downtown north, craft brewery taproom with food, upscale-casual","visitfortwayne.com mentions Hop River; near downtown; seats est. 100; address est."
Conner's Rooftop,Restaurant,"223 W Jefferson Blvd, Fort Wayne, IN 46802",https://www.hilton.com/en/hotels/fwadthx-hampton-suites-fort-wayne-downtown/,,80,,,n/a,n/a,,1.75,0.10,365,1.0,,,Hilton Hotels & Resorts,,,,,(260) 420-1234,"rooftop bar at Hampton Inn Downtown, overlooks Parkview Field","Hilton.com Hampton Inn page confirms Conner's Rooftop with Burger Bar; seats est. 80"
Parkview Behavioral Health Institute,Hospital,"1720 Beacon St, Fort Wayne, IN 46805",https://www.parkview.com,,,105,, n/a,n/a,,,0.10,365,1.0,,,Parkview Health,,,,,(260) 373-4000,"Randallia campus, behavioral health, 105 beds additional","Parkview.com facilities: 105 beds at Parkview Behavioral Health Institute; separate from Randallia main"
The Orthopaedic Hospital of Lutheran Health Network,Hospital,"7952 W Jefferson Blvd, Fort Wayne, IN 46804",https://www.lutheranhospital.com,,,37,, n/a,5,,,0.10,365,1.0,,,Community Health Systems,,,,,(260) 435-2999,"southwest corridor, specialty ortho hospital, Lutheran network","IN.gov hospital directory: 37 staffed beds; 7952 W Jefferson Blvd; same campus as Lutheran Hospital"
Select Medical Rehabilitation Hospital at Lutheran,Hospital,"7970 W Jefferson Blvd, Fort Wayne, IN 46804",https://www.selectmedical.com,,,42,, n/a,5,,,0.10,365,1.0,,,Select Medical,,,,,(260) 435-6100,"southwest corridor, rehabilitation hospital on Lutheran campus","IN.gov hospital directory: 42 staffed beds; 7970 W Jefferson Blvd; Select Medical operator"
